anio,mes,Produccion,empleados,establecimientos,sector_Electronica,Produccion_predicha,mes_num,fecha,Sector
2001,enero,,326,6,False,517937,01,2001-01-01,Confeccionista (azul)
2001,enero,,2652,22,True,344546,01,2001-01-01,Electrónica (naranja)
2001,febrero,,323,6,False,517371,02,2001-02-01,Confeccionista (azul)
2001,febrero,,2624,21,True,342343,02,2001-02-01,Electrónica (naranja)
2001,marzo,,333,6,False,519258,03,2001-03-01,Confeccionista (azul)
2001,marzo,,2629,21,True,343287,03,2001-03-01,Electrónica (naranja)
2001,abril,,337,6,False,520014,04,2001-04-01,Confeccionista (azul)
2001,abril,,2249,20,True,274640,04,2001-04-01,Electrónica (naranja)
2001,mayo,,2323,20,True,288608,05,2001-05-01,Electrónica (naranja)
2001,mayo,,346,6,False,521712,05,2001-05-01,Confeccionista (azul)
2001,junio,,352,6,False,522845,06,2001-06-01,Confeccionista (azul)
2001,junio,,2374,20,True,298235,06,2001-06-01,Electrónica (naranja)
2001,julio,,354,6,False,523222,07,2001-07-01,Confeccionista (azul)
2001,julio,,2327,20,True,289363,07,2001-07-01,Electrónica (naranja)
2001,agosto,,351,6,False,522656,08,2001-08-01,Confeccionista (azul)
2001,agosto,,2637,20,True,347878,08,2001-08-01,Electrónica (naranja)
2001,septiembre,,2587,20,True,338440,09,2001-09-01,Electrónica (naranja)
2001,septiembre,,347,6,False,521901,09,2001-09-01,Confeccionista (azul)
2001,octubre,,339,6,False,520391,10,2001-10-01,Confeccionista (azul)
2001,octubre,,2476,20,True,317488,10,2001-10-01,Electrónica (naranja)
2001,noviembre,,307,5,False,517432,11,2001-11-01,Confeccionista (azul)
2001,noviembre,,2483,20,True,318810,11,2001-11-01,Electrónica (naranja)
2001,diciembre,,301,5,False,516300,12,2001-12-01,Confeccionista (azul)
2001,diciembre,,1911,17,True,220085,12,2001-12-01,Electrónica (naranja)
2002,enero,,317,6,False,504990,01,2002-01-01,Confeccionista (azul)
2002,enero,,1799,18,True,184615,01,2002-01-01,Electrónica (naranja)
2002,febrero,,314,6,False,504424,02,2002-02-01,Confeccionista (azul)
2002,febrero,,1782,17,True,184487,02,2002-02-01,Electrónica (naranja)
2002,marzo,,313,6,False,504235,03,2002-03-01,Confeccionista (azul)
2002,marzo,,1667,17,True,162780,03,2002-03-01,Electrónica (naranja)
2002,abril,,309,6,False,503480,04,2002-04-01,Confeccionista (azul)
2002,abril,,1552,17,True,141073,04,2002-04-01,Electrónica (naranja)
2002,mayo,,307,6,False,503103,05,2002-05-01,Confeccionista (azul)
2002,mayo,,1469,16,True,128488,05,2002-05-01,Electrónica (naranja)
2002,junio,,1396,16,True,114708,06,2002-06-01,Electrónica (naranja)
2002,junio,,306,6,False,502914,06,2002-06-01,Confeccionista (azul)
2002,julio,,305,6,False,502725,07,2002-07-01,Confeccionista (azul)
2002,julio,,1340,16,True,104138,07,2002-07-01,Electrónica (naranja)
2002,agosto,,291,6,False,500082,08,2002-08-01,Confeccionista (azul)
2002,agosto,,1325,16,True,101307,08,2002-08-01,Electrónica (naranja)
2002,septiembre,,287,6,False,499327,09,2002-09-01,Confeccionista (azul)
2002,septiembre,,1303,16,True,97154,09,2002-09-01,Electrónica (naranja)
2002,octubre,,1276,16,True,92058,10,2002-10-01,Electrónica (naranja)
2002,octubre,,288,6,False,499516,10,2002-10-01,Confeccionista (azul)
2002,noviembre,,267,5,False,498634,11,2002-11-01,Confeccionista (azul)
2002,noviembre,,1267,16,True,90359,11,2002-11-01,Electrónica (naranja)
2002,diciembre,,267,5,False,498634,12,2002-12-01,Confeccionista (azul)
2002,diciembre,,1254,16,True,87905,12,2002-12-01,Electrónica (naranja)
2003,enero,,296,6,False,489778,01,2003-01-01,Confeccionista (azul)
2003,enero,,1252,16,True,76279,01,2003-01-01,Electrónica (naranja)
2003,febrero,,303,6,False,491099,02,2003-02-01,Confeccionista (azul)
2003,febrero,,1251,16,True,76090,02,2003-02-01,Electrónica (naranja)
2003,marzo,,1226,16,True,71372,03,2003-03-01,Electrónica (naranja)
2003,marzo,,304,6,False,491288,03,2003-03-01,Confeccionista (azul)
2003,abril,,318,6,False,493931,04,2003-04-01,Confeccionista (azul)
2003,abril,,1248,16,True,75524,04,2003-04-01,Electrónica (naranja)
2003,mayo,,338,6,False,497706,05,2003-05-01,Confeccionista (azul)
2003,mayo,,1214,16,True,69106,05,2003-05-01,Electrónica (naranja)
2003,junio,,345,6,False,499027,06,2003-06-01,Confeccionista (azul)
2003,junio,,1105,16,True,48532,06,2003-06-01,Electrónica (naranja)
2003,julio,,361,6,False,502047,07,2003-07-01,Confeccionista (azul)
2003,julio,,1116,16,True,50608,07,2003-07-01,Electrónica (naranja)
2003,agosto,,367,6,False,503180,08,2003-08-01,Confeccionista (azul)
2003,agosto,,1207,16,True,67785,08,2003-08-01,Electrónica (naranja)
2003,septiembre,,377,6,False,505067,09,2003-09-01,Confeccionista (azul)
2003,septiembre,,1277,16,True,80998,09,2003-09-01,Electrónica (naranja)
2003,octubre,,415,6,False,512240,10,2003-10-01,Confeccionista (azul)
2003,octubre,,1419,16,True,107802,10,2003-10-01,Electrónica (naranja)
2003,noviembre,,1402,16,True,104593,11,2003-11-01,Electrónica (naranja)
2003,noviembre,,402,6,False,509786,11,2003-11-01,Confeccionista (azul)
2003,diciembre,,1271,16,True,79866,12,2003-12-01,Electrónica (naranja)
2003,diciembre,,402,6,False,509786,12,2003-12-01,Confeccionista (azul)
2004,enero,,407,6,False,499482,01,2004-01-01,Confeccionista (azul)
2004,enero,,1349,18,True,77177,01,2004-01-01,Electrónica (naranja)
2004,febrero,,419,6,False,501747,02,2004-02-01,Confeccionista (azul)
2004,febrero,,1359,18,True,79065,02,2004-02-01,Electrónica (naranja)
2004,marzo,,425,6,False,502879,03,2004-03-01,Confeccionista (azul)
2004,marzo,,1504,18,True,106435,03,2004-03-01,Electrónica (naranja)
2004,abril,,421,6,False,502124,04,2004-04-01,Confeccionista (azul)
2004,abril,,1559,18,True,116816,04,2004-04-01,Electrónica (naranja)
2004,mayo,,426,6,False,503068,05,2004-05-01,Confeccionista (azul)
2004,mayo,,1688,18,True,141166,05,2004-05-01,Electrónica (naranja)
2004,junio,,424,6,False,502691,06,2004-06-01,Confeccionista (azul)
2004,junio,,1756,18,True,154001,06,2004-06-01,Electrónica (naranja)
2004,julio,,432,6,False,504201,07,2004-07-01,Confeccionista (azul)
2004,julio,,1706,18,True,144564,07,2004-07-01,Electrónica (naranja)
2004,agosto,,434,6,False,504578,08,2004-08-01,Confeccionista (azul)
2004,agosto,,2110,18,True,220821,08,2004-08-01,Electrónica (naranja)
2004,septiembre,,2573,18,True,308216,09,2004-09-01,Electrónica (naranja)
2004,septiembre,,430,6,False,503823,09,2004-09-01,Confeccionista (azul)
2004,octubre,,432,6,False,504201,10,2004-10-01,Confeccionista (azul)
2004,octubre,,2704,19,True,329862,10,2004-10-01,Electrónica (naranja)
2004,noviembre,,445,6,False,506655,11,2004-11-01,Confeccionista (azul)
2004,noviembre,,2590,19,True,308343,11,2004-11-01,Electrónica (naranja)
2004,diciembre,,421,5,False,505206,12,2004-12-01,Confeccionista (azul)
2004,diciembre,,1964,19,True,190181,12,2004-12-01,Electrónica (naranja)
2005,enero,,1766,19,True,141559,01,2005-01-01,Electrónica (naranja)
2005,enero,,475,6,False,501069,01,2005-01-01,Confeccionista (azul)
2005,febrero,,488,6,False,503523,02,2005-02-01,Confeccionista (azul)
2005,febrero,,1775,19,True,143258,02,2005-02-01,Electrónica (naranja)
2005,marzo,,506,6,False,506920,03,2005-03-01,Confeccionista (azul)
2005,marzo,,1934,19,True,173270,03,2005-03-01,Electrónica (naranja)
2005,abril,,508,6,False,507298,04,2005-04-01,Confeccionista (azul)
2005,abril,,1985,20,True,179816,04,2005-04-01,Electrónica (naranja)
2005,mayo,,2229,20,True,225872,05,2005-05-01,Electrónica (naranja)
2005,mayo,,525,6,False,510507,05,2005-05-01,Confeccionista (azul)
2005,junio,,2530,20,True,282688,06,2005-06-01,Electrónica (naranja)
2005,junio,,541,6,False,513527,06,2005-06-01,Confeccionista (azul)
2005,julio,,533,6,False,512017,07,2005-07-01,Confeccionista (azul)
2005,julio,,2638,20,True,303074,07,2005-07-01,Electrónica (naranja)
2005,agosto,,534,6,False,512206,08,2005-08-01,Confeccionista (azul)
2005,agosto,,3044,20,True,379709,08,2005-08-01,Electrónica (naranja)
2005,septiembre,,532,6,False,511828,09,2005-09-01,Confeccionista (azul)
2005,septiembre,,3373,20,True,441810,09,2005-09-01,Electrónica (naranja)
2005,octubre,,541,6,False,513527,10,2005-10-01,Confeccionista (azul)
2005,octubre,,3405,18,True,454013,10,2005-10-01,Electrónica (naranja)
2005,noviembre,,3818,22,True,519644,11,2005-11-01,Electrónica (naranja)
2005,noviembre,,550,6,False,515226,11,2005-11-01,Confeccionista (azul)
2005,diciembre,,546,6,False,514471,12,2005-12-01,Confeccionista (azul)
2005,diciembre,,3549,21,True,471950,12,2005-12-01,Electrónica (naranja)
2006,enero,,552,6,False,504355,01,2006-01-01,Confeccionista (azul)
2006,enero,,3052,20,True,369971,01,2006-01-01,Electrónica (naranja)
2006,febrero,,596,6,False,512660,02,2006-02-01,Confeccionista (azul)
2006,febrero,,3312,20,True,419048,02,2006-02-01,Electrónica (naranja)
2006,marzo,,3482,20,True,451136,03,2006-03-01,Electrónica (naranja)
2006,marzo,,658,6,False,524363,03,2006-03-01,Confeccionista (azul)
2006,abril,,651,6,False,523042,04,2006-04-01,Confeccionista (azul)
2006,abril,,3711,20,True,494362,04,2006-04-01,Electrónica (naranja)
2006,mayo,,654,6,False,523608,05,2006-05-01,Confeccionista (azul)
2006,mayo,,3688,20,True,490020,05,2006-05-01,Electrónica (naranja)
2006,junio,,660,6,False,524741,06,2006-06-01,Confeccionista (azul)
2006,junio,,3892,20,True,528527,06,2006-06-01,Electrónica (naranja)
2006,julio,,662,6,False,525118,07,2006-07-01,Confeccionista (azul)
2006,julio,,3878,20,True,525884,07,2006-07-01,Electrónica (naranja)
2006,agosto,,677,6,False,527950,08,2006-08-01,Confeccionista (azul)
2006,agosto,,4164,20,True,579869,08,2006-08-01,Electrónica (naranja)
2006,septiembre,,672,6,False,527006,09,2006-09-01,Confeccionista (azul)
2006,septiembre,,4359,20,True,616676,09,2006-09-01,Electrónica (naranja)
2006,octubre,,656,6,False,523986,10,2006-10-01,Confeccionista (azul)
2006,octubre,,4510,20,True,645179,10,2006-10-01,Electrónica (naranja)
2006,noviembre,,673,6,False,527195,11,2006-11-01,Confeccionista (azul)
2006,noviembre,,4451,20,True,634042,11,2006-11-01,Electrónica (naranja)
2006,diciembre,,3317,18,True,426155,12,2006-12-01,Electrónica (naranja)
2006,diciembre,,668,6,False,526251,12,2006-12-01,Confeccionista (azul)
2007,enero,,664,6,False,514248,01,2007-01-01,Confeccionista (azul)
2007,enero,,2814,20,True,313799,01,2007-01-01,Electrónica (naranja)
2007,febrero,,689,6,False,518966,02,2007-02-01,Confeccionista (azul)
2007,febrero,,2865,20,True,323425,02,2007-02-01,Electrónica (naranja)
2007,marzo,,700,7,False,517961,03,2007-03-01,Confeccionista (azul)
2007,marzo,,3345,20,True,414029,03,2007-03-01,Electrónica (naranja)
2007,abril,,3457,20,True,435169,04,2007-04-01,Electrónica (naranja)
2007,abril,,754,7,False,528154,04,2007-04-01,Confeccionista (azul)
2007,mayo,,767,7,False,530608,05,2007-05-01,Confeccionista (azul)
2007,mayo,,3818,20,True,503311,05,2007-05-01,Electrónica (naranja)
2007,junio,,737,7,False,524945,06,2007-06-01,Confeccionista (azul)
2007,junio,,4323,19,True,601714,06,2007-06-01,Electrónica (naranja)
2007,julio,,735,7,False,524568,07,2007-07-01,Confeccionista (azul)
2007,julio,,4811,20,True,690746,07,2007-07-01,Electrónica (naranja)
2007,agosto,,4987,20,True,723967,08,2007-08-01,Electrónica (naranja)
2007,agosto,,731,7,False,523813,08,2007-08-01,Confeccionista (azul)
2007,septiembre,,5138,19,True,755551,09,2007-09-01,Electrónica (naranja)
2007,septiembre,,732,7,False,524002,09,2007-09-01,Confeccionista (azul)
2007,octubre,,740,7,False,525512,10,2007-10-01,Confeccionista (azul)
2007,octubre,,5149,19,True,757628,10,2007-10-01,Electrónica (naranja)
2007,noviembre,,732,7,False,524002,11,2007-11-01,Confeccionista (azul)
2007,noviembre,,5252,19,True,777069,11,2007-11-01,Electrónica (naranja)
2007,diciembre,,723,7,False,522303,12,2007-12-01,Confeccionista (azul)
2007,diciembre,,4164,19,True,571702,12,2007-12-01,Electrónica (naranja)
2008,enero,,707,7,False,508034,01,2008-01-01,Confeccionista (azul)
2008,enero,,3549,20,True,441287,01,2008-01-01,Electrónica (naranja)
2008,febrero,,3732,20,True,475829,02,2008-02-01,Electrónica (naranja)
2008,febrero,,710,7,False,508601,02,2008-02-01,Confeccionista (azul)
2008,marzo,,718,7,False,510111,03,2008-03-01,Confeccionista (azul)
2008,marzo,,3813,20,True,491119,03,2008-03-01,Electrónica (naranja)
2008,abril,,727,7,False,511809,04,2008-04-01,Confeccionista (azul)
2008,abril,,3909,20,True,509239,04,2008-04-01,Electrónica (naranja)
2008,mayo,,722,6,False,513947,05,2008-05-01,Confeccionista (azul)
2008,mayo,,4243,20,True,572284,05,2008-05-01,Electrónica (naranja)
2008,junio,,4707,21,True,656786,06,2008-06-01,Electrónica (naranja)
2008,junio,,722,6,False,513947,06,2008-06-01,Confeccionista (azul)
2008,julio,,703,6,False,510361,07,2008-07-01,Confeccionista (azul)
2008,julio,,5000,21,True,712091,07,2008-07-01,Electrónica (naranja)
2008,agosto,,668,6,False,503754,08,2008-08-01,Confeccionista (azul)
2008,agosto,,5055,21,True,722473,08,2008-08-01,Electrónica (naranja)
2008,septiembre,,630,5,False,499663,09,2008-09-01,Confeccionista (azul)
2008,septiembre,,5175,21,True,745124,09,2008-09-01,Electrónica (naranja)
2008,octubre,,600,5,False,494000,10,2008-10-01,Confeccionista (azul)
2008,octubre,,5181,21,True,746256,10,2008-10-01,Electrónica (naranja)
2008,noviembre,,600,5,False,494000,11,2008-11-01,Confeccionista (azul)
2008,noviembre,,5063,21,True,723983,11,2008-11-01,Electrónica (naranja)
2008,diciembre,,595,5,False,493057,12,2008-12-01,Confeccionista (azul)
2008,diciembre,,3962,21,True,516162,12,2008-12-01,Electrónica (naranja)
2009,enero,,597,6,False,479104,01,2009-01-01,Confeccionista (azul)
2009,enero,,3493,21,True,416387,01,2009-01-01,Electrónica (naranja)
2009,febrero,,593,6,False,478349,02,2009-02-01,Confeccionista (azul)
2009,febrero,,2999,21,True,323141,02,2009-02-01,Electrónica (naranja)
2009,marzo,,2916,22,True,304392,03,2009-03-01,Electrónica (naranja)
2009,marzo,,589,6,False,477594,03,2009-03-01,Confeccionista (azul)
2009,abril,,570,6,False,474008,04,2009-04-01,Confeccionista (azul)
2009,abril,,2905,22,True,302316,04,2009-04-01,Electrónica (naranja)
2009,mayo,,564,6,False,472875,05,2009-05-01,Confeccionista (azul)
2009,mayo,,2979,23,True,313203,05,2009-05-01,Electrónica (naranja)
2009,junio,,564,6,False,472875,06,2009-06-01,Confeccionista (azul)
2009,junio,,2912,23,True,300556,06,2009-06-01,Electrónica (naranja)
2009,julio,,3028,23,True,322452,07,2009-07-01,Electrónica (naranja)
2009,julio,,563,6,False,472687,07,2009-07-01,Confeccionista (azul)
2009,agosto,,566,6,False,473253,08,2009-08-01,Confeccionista (azul)
2009,agosto,,3411,23,True,394746,08,2009-08-01,Electrónica (naranja)
2009,septiembre,,556,6,False,471365,09,2009-09-01,Confeccionista (azul)
2009,septiembre,,3917,22,True,493338,09,2009-09-01,Electrónica (naranja)
2009,octubre,,577,5,False,478411,10,2009-10-01,Confeccionista (azul)
2009,octubre,,4367,24,True,572116,10,2009-10-01,Electrónica (naranja)
2009,noviembre,,4657,23,True,629937,11,2009-11-01,Electrónica (naranja)
2009,noviembre,,577,5,False,478411,11,2009-11-01,Confeccionista (azul)
2009,diciembre,,4293,21,True,567392,12,2009-12-01,Electrónica (naranja)
2009,diciembre,,574,5,False,477844,12,2009-12-01,Confeccionista (azul)
2010,enero,,572,7,False,460056,01,2010-01-01,Confeccionista (azul)
2010,enero,,4376,24,True,562566,01,2010-01-01,Electrónica (naranja)
2010,febrero,,574,7,False,460433,02,2010-02-01,Confeccionista (azul)
2010,febrero,,4590,24,True,602960,02,2010-02-01,Electrónica (naranja)
2010,marzo,,580,7,False,461566,03,2010-03-01,Confeccionista (azul)
2010,marzo,,4681,24,True,620137,03,2010-03-01,Electrónica (naranja)
2010,abril,,575,7,False,460622,04,2010-04-01,Confeccionista (azul)
2010,abril,,4853,25,True,649522,04,2010-04-01,Electrónica (naranja)
2010,mayo,,571,7,False,459867,05,2010-05-01,Confeccionista (azul)
2010,mayo,,5232,25,True,721061,05,2010-05-01,Electrónica (naranja)
2010,junio,,571,7,False,459867,06,2010-06-01,Confeccionista (azul)
2010,junio,,5525,25,True,776366,06,2010-06-01,Electrónica (naranja)
2010,julio,,567,7,False,459112,07,2010-07-01,Confeccionista (azul)
2010,julio,,5658,25,True,801471,07,2010-07-01,Electrónica (naranja)
2010,agosto,,566,7,False,458923,08,2010-08-01,Confeccionista (azul)
2010,agosto,,6491,25,True,958706,08,2010-08-01,Electrónica (naranja)
2010,septiembre,,7359,25,True,1122547,09,2010-09-01,Electrónica (naranja)
2010,septiembre,,557,6,False,460306,09,2010-09-01,Confeccionista (azul)
2010,octubre,,560,7,False,457791,10,2010-10-01,Confeccionista (azul)
2010,octubre,,7673,25,True,1181816,10,2010-10-01,Electrónica (naranja)
2010,noviembre,,556,7,False,457036,11,2010-11-01,Confeccionista (azul)
2010,noviembre,,7362,22,True,1132357,11,2010-11-01,Electrónica (naranja)
2010,diciembre,,419,5,False,437339,12,2010-12-01,Confeccionista (azul)
2010,diciembre,,7402,22,True,1139908,12,2010-12-01,Electrónica (naranja)
2011,enero,,6080,21,True,882204,01,2011-01-01,Electrónica (naranja)
2011,enero,,531,6,False,444150,01,2011-01-01,Confeccionista (azul)
2011,febrero,,552,6,False,448114,02,2011-02-01,Confeccionista (azul)
2011,febrero,,6490,22,True,956513,02,2011-02-01,Electrónica (naranja)
2011,marzo,,544,6,False,446604,03,2011-03-01,Confeccionista (azul)
2011,marzo,,6543,22,True,966517,03,2011-03-01,Electrónica (naranja)
2011,abril,,547,6,False,447170,04,2011-04-01,Confeccionista (azul)
2011,abril,,7065,22,True,1065048,04,2011-04-01,Electrónica (naranja)
2011,mayo,,7859,22,True,1214921,05,2011-05-01,Electrónica (naranja)
2011,mayo,,480,6,False,434523,05,2011-05-01,Confeccionista (azul)
2011,junio,,8820,23,True,1393235,06,2011-06-01,Electrónica (naranja)
2011,junio,,481,6,False,434712,06,2011-06-01,Confeccionista (azul)
2011,julio,,462,5,False,434207,07,2011-07-01,Confeccionista (azul)
2011,julio,,9523,23,True,1525931,07,2011-07-01,Electrónica (naranja)
2011,agosto,,536,6,False,445094,08,2011-08-01,Confeccionista (azul)
2011,agosto,,9853,23,True,1588221,08,2011-08-01,Electrónica (naranja)
2011,septiembre,,542,6,False,446226,09,2011-09-01,Confeccionista (azul)
2011,septiembre,,10434,23,True,1697889,09,2011-09-01,Electrónica (naranja)
2011,octubre,,426,5,False,427412,10,2011-10-01,Confeccionista (azul)
2011,octubre,,10835,23,True,1773580,10,2011-10-01,Electrónica (naranja)
2011,noviembre,,10825,23,True,1771693,11,2011-11-01,Electrónica (naranja)
2011,noviembre,,419,5,False,426091,11,2011-11-01,Confeccionista (azul)
2011,diciembre,,413,5,False,424958,12,2011-12-01,Confeccionista (azul)
2011,diciembre,,10215,24,True,1653470,12,2011-12-01,Electrónica (naranja)
2012,enero,,401,6,False,408363,01,2012-01-01,Confeccionista (azul)
2012,enero,,8201,23,True,1265146,01,2012-01-01,Electrónica (naranja)
2012,febrero,,418,6,False,411572,02,2012-02-01,Confeccionista (azul)
2012,febrero,,8590,23,True,1338573,02,2012-02-01,Electrónica (naranja)
2012,marzo,,9032,24,True,1418922,03,2012-03-01,Electrónica (naranja)
2012,marzo,,430,6,False,413837,03,2012-03-01,Confeccionista (azul)
2012,abril,,432,6,False,414215,04,2012-04-01,Confeccionista (azul)
2012,abril,,9779,24,True,1559923,04,2012-04-01,Electrónica (naranja)
2012,mayo,,430,6,False,413837,05,2012-05-01,Confeccionista (azul)
2012,mayo,,10080,25,True,1613658,05,2012-05-01,Electrónica (naranja)
2012,junio,,430,6,False,413837,06,2012-06-01,Confeccionista (azul)
2012,junio,,10688,26,True,1725340,06,2012-06-01,Electrónica (naranja)
2012,julio,,424,6,False,412705,07,2012-07-01,Confeccionista (azul)
2012,julio,,11101,26,True,1803297,07,2012-07-01,Electrónica (naranja)
2012,agosto,,426,6,False,413082,08,2012-08-01,Confeccionista (azul)
2012,agosto,,11681,27,True,1909695,08,2012-08-01,Electrónica (naranja)
2012,septiembre,,422,6,False,412327,09,2012-09-01,Confeccionista (azul)
2012,septiembre,,12155,27,True,1999165,09,2012-09-01,Electrónica (naranja)
2012,octubre,,425,6,False,412893,10,2012-10-01,Confeccionista (azul)
2012,octubre,,12271,27,True,2021061,10,2012-10-01,Electrónica (naranja)
2012,noviembre,,428,6,False,413460,11,2012-11-01,Confeccionista (azul)
2012,noviembre,,12632,27,True,2089202,11,2012-11-01,Electrónica (naranja)
2012,diciembre,,429,6,False,413648,12,2012-12-01,Confeccionista (azul)
2012,diciembre,,11207,27,True,1820224,12,2012-12-01,Electrónica (naranja)
