anio,mes,Produccion,empleados,establecimientos,sector_Textil,Produccion_predicha,mes_num,fecha,Sector
2001,enero,,353,2,False,2131588,01,2001-01-01,Pesquera (Azul)
2001,enero,,274,8,True,2370245,01,2001-01-01,Textil (naranja)
2001,febrero,,278,1,False,1966932,02,2001-02-01,Pesquera (Azul)
2001,febrero,,283,8,True,2385605,02,2001-02-01,Textil (naranja)
2001,marzo,,275,1,False,1961812,03,2001-03-01,Pesquera (Azul)
2001,marzo,,286,8,True,2390726,03,2001-03-01,Textil (naranja)
2001,abril,,273,1,False,1958398,04,2001-04-01,Pesquera (Azul)
2001,abril,,283,8,True,2385605,04,2001-04-01,Textil (naranja)
2001,mayo,,306,8,True,2424861,05,2001-05-01,Textil (naranja)
2001,mayo,,262,1,False,1939624,05,2001-05-01,Pesquera (Azul)
2001,junio,,259,1,False,1934504,06,2001-06-01,Pesquera (Azul)
2001,junio,,329,8,True,2464116,06,2001-06-01,Textil (naranja)
2001,julio,,166,1,False,1775775,07,2001-07-01,Pesquera (Azul)
2001,julio,,329,8,True,2464116,07,2001-07-01,Textil (naranja)
2001,agosto,,166,1,False,1775775,08,2001-08-01,Pesquera (Azul)
2001,agosto,,345,8,True,2491424,08,2001-08-01,Textil (naranja)
2001,septiembre,,338,8,True,2479477,09,2001-09-01,Textil (naranja)
2001,septiembre,,188,1,False,1813324,09,2001-09-01,Pesquera (Azul)
2001,octubre,,187,1,False,1811617,10,2001-10-01,Pesquera (Azul)
2001,octubre,,321,8,True,2450462,10,2001-10-01,Textil (naranja)
2001,noviembre,,192,1,False,1820151,11,2001-11-01,Pesquera (Azul)
2001,noviembre,,301,8,True,2416327,11,2001-11-01,Textil (naranja)
2001,diciembre,,202,2,False,1873868,12,2001-12-01,Pesquera (Azul)
2001,diciembre,,261,7,True,2311408,12,2001-12-01,Textil (naranja)
2002,enero,,212,2,False,1832931,01,2002-01-01,Pesquera (Azul)
2002,enero,,256,8,True,2281519,01,2002-01-01,Textil (naranja)
2002,febrero,,224,2,False,1853412,02,2002-02-01,Pesquera (Azul)
2002,febrero,,257,8,True,2283226,02,2002-02-01,Textil (naranja)
2002,marzo,,227,2,False,1858533,03,2002-03-01,Pesquera (Azul)
2002,marzo,,261,8,True,2290053,03,2002-03-01,Textil (naranja)
2002,abril,,229,2,False,1861946,04,2002-04-01,Pesquera (Azul)
2002,abril,,252,8,True,2274692,04,2002-04-01,Textil (naranja)
2002,mayo,,232,2,False,1867066,05,2002-05-01,Pesquera (Azul)
2002,mayo,,252,8,True,2274692,05,2002-05-01,Textil (naranja)
2002,junio,,231,8,True,2238850,06,2002-06-01,Textil (naranja)
2002,junio,,229,2,False,1861946,06,2002-06-01,Pesquera (Azul)
2002,julio,,227,2,False,1858533,07,2002-07-01,Pesquera (Azul)
2002,julio,,240,8,True,2254211,07,2002-07-01,Textil (naranja)
2002,agosto,,226,2,False,1856826,08,2002-08-01,Pesquera (Azul)
2002,agosto,,242,8,True,2257624,08,2002-08-01,Textil (naranja)
2002,septiembre,,225,2,False,1855119,09,2002-09-01,Pesquera (Azul)
2002,septiembre,,260,8,True,2288346,09,2002-09-01,Textil (naranja)
2002,octubre,,272,8,True,2308827,10,2002-10-01,Textil (naranja)
2002,octubre,,230,2,False,1863653,10,2002-10-01,Pesquera (Azul)
2002,noviembre,,192,1,False,1762147,11,2002-11-01,Pesquera (Azul)
2002,noviembre,,289,8,True,2337842,11,2002-11-01,Textil (naranja)
2002,diciembre,,210,2,False,1829518,12,2002-12-01,Pesquera (Azul)
2002,diciembre,,297,7,True,2314847,12,2002-12-01,Textil (naranja)
2003,enero,,228,2,False,1802235,01,2003-01-01,Pesquera (Azul)
2003,enero,,298,8,True,2295199,01,2003-01-01,Textil (naranja)
2003,febrero,,231,2,False,1807356,02,2003-02-01,Pesquera (Azul)
2003,febrero,,285,8,True,2273011,02,2003-02-01,Textil (naranja)
2003,marzo,,320,8,True,2332747,03,2003-03-01,Textil (naranja)
2003,marzo,,234,2,False,1812476,03,2003-03-01,Pesquera (Azul)
2003,abril,,228,2,False,1802235,04,2003-04-01,Pesquera (Azul)
2003,abril,,325,8,True,2341281,04,2003-04-01,Textil (naranja)
2003,mayo,,229,2,False,1803942,05,2003-05-01,Pesquera (Azul)
2003,mayo,,334,8,True,2356642,05,2003-05-01,Textil (naranja)
2003,junio,,229,2,False,1803942,06,2003-06-01,Pesquera (Azul)
2003,junio,,336,7,True,2323406,06,2003-06-01,Textil (naranja)
2003,julio,,241,2,False,1824423,07,2003-07-01,Pesquera (Azul)
2003,julio,,345,7,True,2338767,07,2003-07-01,Textil (naranja)
2003,agosto,,235,2,False,1814183,08,2003-08-01,Pesquera (Azul)
2003,agosto,,376,8,True,2428326,08,2003-08-01,Textil (naranja)
2003,septiembre,,239,2,False,1821010,09,2003-09-01,Pesquera (Azul)
2003,septiembre,,382,8,True,2438566,09,2003-09-01,Textil (naranja)
2003,octubre,,235,2,False,1814183,10,2003-10-01,Pesquera (Azul)
2003,octubre,,394,8,True,2459047,10,2003-10-01,Textil (naranja)
2003,noviembre,,390,8,True,2452220,11,2003-11-01,Textil (naranja)
2003,noviembre,,226,2,False,1798822,11,2003-11-01,Pesquera (Azul)
2003,diciembre,,388,7,True,2412158,12,2003-12-01,Textil (naranja)
2003,diciembre,,237,2,False,1817596,12,2003-12-01,Pesquera (Azul)
2004,enero,,230,2,False,1747645,01,2004-01-01,Pesquera (Azul)
2004,enero,,410,8,True,2428351,01,2004-01-01,Textil (naranja)
2004,febrero,,234,2,False,1754472,02,2004-02-01,Pesquera (Azul)
2004,febrero,,424,8,True,2452246,02,2004-02-01,Textil (naranja)
2004,marzo,,246,2,False,1774953,03,2004-03-01,Pesquera (Azul)
2004,marzo,,415,8,True,2436885,03,2004-03-01,Textil (naranja)
2004,abril,,246,2,False,1774953,04,2004-04-01,Pesquera (Azul)
2004,abril,,411,8,True,2430058,04,2004-04-01,Textil (naranja)
2004,mayo,,246,2,False,1774953,05,2004-05-01,Pesquera (Azul)
2004,mayo,,427,8,True,2457366,05,2004-05-01,Textil (naranja)
2004,junio,,246,2,False,1774953,06,2004-06-01,Pesquera (Azul)
2004,junio,,434,8,True,2469313,06,2004-06-01,Textil (naranja)
2004,julio,,252,2,False,1785193,07,2004-07-01,Pesquera (Azul)
2004,julio,,441,8,True,2481261,07,2004-07-01,Textil (naranja)
2004,agosto,,252,2,False,1785193,08,2004-08-01,Pesquera (Azul)
2004,agosto,,450,8,True,2496621,08,2004-08-01,Textil (naranja)
2004,septiembre,,443,8,True,2484674,09,2004-09-01,Textil (naranja)
2004,septiembre,,256,2,False,1792020,09,2004-09-01,Pesquera (Azul)
2004,octubre,,219,1,False,1692221,10,2004-10-01,Pesquera (Azul)
2004,octubre,,464,8,True,2520516,10,2004-10-01,Textil (naranja)
2004,noviembre,,219,1,False,1692221,11,2004-11-01,Pesquera (Azul)
2004,noviembre,,466,8,True,2523930,11,2004-11-01,Textil (naranja)
2004,diciembre,,237,2,False,1759592,12,2004-12-01,Pesquera (Azul)
2004,diciembre,,448,7,True,2456559,12,2004-12-01,Textil (naranja)
2005,enero,,472,8,True,2476166,01,2005-01-01,Textil (naranja)
2005,enero,,255,2,False,1732310,01,2005-01-01,Pesquera (Azul)
2005,febrero,,259,2,False,1739137,02,2005-02-01,Pesquera (Azul)
2005,febrero,,485,8,True,2498354,02,2005-02-01,Textil (naranja)
2005,marzo,,270,2,False,1757911,03,2005-03-01,Pesquera (Azul)
2005,marzo,,500,8,True,2523955,03,2005-03-01,Textil (naranja)
2005,abril,,276,2,False,1768151,04,2005-04-01,Pesquera (Azul)
2005,abril,,509,8,True,2539316,04,2005-04-01,Textil (naranja)
2005,mayo,,515,8,True,2549556,05,2005-05-01,Textil (naranja)
2005,mayo,,274,2,False,1764738,05,2005-05-01,Pesquera (Azul)
2005,junio,,525,8,True,2566624,06,2005-06-01,Textil (naranja)
2005,junio,,277,2,False,1769858,06,2005-06-01,Pesquera (Azul)
2005,julio,,275,2,False,1766445,07,2005-07-01,Pesquera (Azul)
2005,julio,,536,8,True,2585398,07,2005-07-01,Textil (naranja)
2005,agosto,,278,2,False,1771565,08,2005-08-01,Pesquera (Azul)
2005,agosto,,530,8,True,2575158,08,2005-08-01,Textil (naranja)
2005,septiembre,,170,1,False,1550586,09,2005-09-01,Pesquera (Azul)
2005,septiembre,,545,8,True,2600759,09,2005-09-01,Textil (naranja)
2005,octubre,,118,1,False,1461835,10,2005-10-01,Pesquera (Azul)
2005,octubre,,557,8,True,2621240,10,2005-10-01,Textil (naranja)
2005,noviembre,,576,8,True,2653669,11,2005-11-01,Textil (naranja)
2005,noviembre,,269,2,False,1756204,11,2005-11-01,Pesquera (Azul)
2005,diciembre,,41,1,False,1330415,12,2005-12-01,Pesquera (Azul)
2005,diciembre,,587,7,True,2635794,12,2005-12-01,Textil (naranja)
2006,enero,,285,2,False,1725508,01,2006-01-01,Pesquera (Azul)
2006,enero,,585,8,True,2611025,01,2006-01-01,Textil (naranja)
2006,febrero,,283,2,False,1722095,02,2006-02-01,Pesquera (Azul)
2006,febrero,,579,8,True,2600785,02,2006-02-01,Textil (naranja)
2006,marzo,,574,8,True,2592251,03,2006-03-01,Textil (naranja)
2006,marzo,,297,2,False,1745989,03,2006-03-01,Pesquera (Azul)
2006,abril,,304,2,False,1757937,04,2006-04-01,Pesquera (Azul)
2006,abril,,557,8,True,2563236,04,2006-04-01,Textil (naranja)
2006,mayo,,312,2,False,1771591,05,2006-05-01,Pesquera (Azul)
2006,mayo,,558,8,True,2564943,05,2006-05-01,Textil (naranja)
2006,junio,,307,2,False,1763057,06,2006-06-01,Pesquera (Azul)
2006,junio,,561,8,True,2570063,06,2006-06-01,Textil (naranja)
2006,julio,,306,2,False,1761350,07,2006-07-01,Pesquera (Azul)
2006,julio,,567,8,True,2580304,07,2006-07-01,Textil (naranja)
2006,agosto,,306,2,False,1761350,08,2006-08-01,Pesquera (Azul)
2006,agosto,,567,8,True,2580304,08,2006-08-01,Textil (naranja)
2006,septiembre,,301,2,False,1752816,09,2006-09-01,Pesquera (Azul)
2006,septiembre,,576,8,True,2595665,09,2006-09-01,Textil (naranja)
2006,octubre,,304,2,False,1757937,10,2006-10-01,Pesquera (Azul)
2006,octubre,,596,8,True,2629800,10,2006-10-01,Textil (naranja)
2006,noviembre,,295,2,False,1742576,11,2006-11-01,Pesquera (Azul)
2006,noviembre,,600,8,True,2636627,11,2006-11-01,Textil (naranja)
2006,diciembre,,619,8,True,2669055,12,2006-12-01,Textil (naranja)
2006,diciembre,,279,2,False,1715268,12,2006-12-01,Pesquera (Azul)
2007,enero,,286,2,False,1669211,01,2007-01-01,Pesquera (Azul)
2007,enero,,613,8,True,2600810,01,2007-01-01,Textil (naranja)
2007,febrero,,286,2,False,1669211,02,2007-02-01,Pesquera (Azul)
2007,febrero,,616,8,True,2605931,02,2007-02-01,Textil (naranja)
2007,marzo,,294,2,False,1682865,03,2007-03-01,Pesquera (Azul)
2007,marzo,,609,8,True,2593983,03,2007-03-01,Textil (naranja)
2007,abril,,616,8,True,2605931,04,2007-04-01,Textil (naranja)
2007,abril,,292,2,False,1679451,04,2007-04-01,Pesquera (Azul)
2007,mayo,,295,2,False,1684572,05,2007-05-01,Pesquera (Azul)
2007,mayo,,617,8,True,2607637,05,2007-05-01,Textil (naranja)
2007,junio,,296,2,False,1686278,06,2007-06-01,Pesquera (Azul)
2007,junio,,613,8,True,2600810,06,2007-06-01,Textil (naranja)
2007,julio,,292,2,False,1679451,07,2007-07-01,Pesquera (Azul)
2007,julio,,607,8,True,2590570,07,2007-07-01,Textil (naranja)
2007,agosto,,615,8,True,2604224,08,2007-08-01,Textil (naranja)
2007,agosto,,293,2,False,1681158,08,2007-08-01,Pesquera (Azul)
2007,septiembre,,621,8,True,2614465,09,2007-09-01,Textil (naranja)
2007,septiembre,,295,2,False,1684572,09,2007-09-01,Pesquera (Azul)
2007,octubre,,292,2,False,1679451,10,2007-10-01,Pesquera (Azul)
2007,octubre,,627,8,True,2624705,10,2007-10-01,Textil (naranja)
2007,noviembre,,271,2,False,1643610,11,2007-11-01,Pesquera (Azul)
2007,noviembre,,635,8,True,2638359,11,2007-11-01,Textil (naranja)
2007,diciembre,,22,1,False,1181978,12,2007-12-01,Pesquera (Azul)
2007,diciembre,,623,7,True,2581229,12,2007-12-01,Textil (naranja)
2008,enero,,316,2,False,1662410,01,2008-01-01,Pesquera (Azul)
2008,enero,,639,8,True,2587182,01,2008-01-01,Textil (naranja)
2008,febrero,,639,8,True,2587182,02,2008-02-01,Textil (naranja)
2008,febrero,,378,3,False,1804877,02,2008-02-01,Pesquera (Azul)
2008,marzo,,454,4,False,1971240,03,2008-03-01,Pesquera (Azul)
2008,marzo,,628,8,True,2568408,03,2008-03-01,Textil (naranja)
2008,abril,,557,5,False,2183685,04,2008-04-01,Pesquera (Azul)
2008,abril,,634,8,True,2578648,04,2008-04-01,Textil (naranja)
2008,mayo,,543,5,False,2159790,05,2008-05-01,Pesquera (Azul)
2008,mayo,,645,8,True,2597423,05,2008-05-01,Textil (naranja)
2008,junio,,616,8,True,2547927,06,2008-06-01,Textil (naranja)
2008,junio,,554,5,False,2178565,06,2008-06-01,Pesquera (Azul)
2008,julio,,544,5,False,2161497,07,2008-07-01,Pesquera (Azul)
2008,julio,,621,8,True,2556460,07,2008-07-01,Textil (naranja)
2008,agosto,,509,5,False,2101761,08,2008-08-01,Pesquera (Azul)
2008,agosto,,619,8,True,2553047,08,2008-08-01,Textil (naranja)
2008,septiembre,,500,5,False,2086400,09,2008-09-01,Pesquera (Azul)
2008,septiembre,,619,8,True,2553047,09,2008-09-01,Textil (naranja)
2008,octubre,,514,5,False,2110294,10,2008-10-01,Pesquera (Azul)
2008,octubre,,618,8,True,2551340,10,2008-10-01,Textil (naranja)
2008,noviembre,,487,5,False,2064212,11,2008-11-01,Pesquera (Azul)
2008,noviembre,,623,8,True,2559874,11,2008-11-01,Textil (naranja)
2008,diciembre,,482,4,False,2019029,12,2008-12-01,Pesquera (Azul)
2008,diciembre,,612,7,True,2504451,12,2008-12-01,Textil (naranja)
2009,enero,,501,4,False,1993453,01,2009-01-01,Pesquera (Azul)
2009,enero,,622,8,True,2500163,01,2009-01-01,Textil (naranja)
2009,febrero,,489,4,False,1972972,02,2009-02-01,Pesquera (Azul)
2009,febrero,,629,8,True,2512110,02,2009-02-01,Textil (naranja)
2009,marzo,,619,8,True,2495043,03,2009-03-01,Textil (naranja)
2009,marzo,,496,4,False,1984920,03,2009-03-01,Pesquera (Azul)
2009,abril,,497,4,False,1986626,04,2009-04-01,Pesquera (Azul)
2009,abril,,609,8,True,2477975,04,2009-04-01,Textil (naranja)
2009,mayo,,496,4,False,1984920,05,2009-05-01,Pesquera (Azul)
2009,mayo,,613,8,True,2484802,05,2009-05-01,Textil (naranja)
2009,junio,,516,4,False,2019055,06,2009-06-01,Pesquera (Azul)
2009,junio,,619,8,True,2495043,06,2009-06-01,Textil (naranja)
2009,julio,,610,8,True,2479682,07,2009-07-01,Textil (naranja)
2009,julio,,527,4,False,2037829,07,2009-07-01,Pesquera (Azul)
2009,agosto,,507,4,False,2003694,08,2009-08-01,Pesquera (Azul)
2009,agosto,,605,8,True,2471148,08,2009-08-01,Textil (naranja)
2009,septiembre,,508,4,False,2005401,09,2009-09-01,Pesquera (Azul)
2009,septiembre,,604,8,True,2469442,09,2009-09-01,Textil (naranja)
2009,octubre,,510,4,False,2008814,10,2009-10-01,Pesquera (Azul)
2009,octubre,,616,8,True,2489923,10,2009-10-01,Textil (naranja)
2009,noviembre,,618,8,True,2493336,11,2009-11-01,Textil (naranja)
2009,noviembre,,481,4,False,1959318,11,2009-11-01,Pesquera (Azul)
2009,diciembre,,616,7,True,2453274,12,2009-12-01,Textil (naranja)
2009,diciembre,,540,4,False,2060017,12,2009-12-01,Pesquera (Azul)
2010,enero,,500,4,False,1933743,01,2010-01-01,Pesquera (Azul)
2010,enero,,627,8,True,2450693,01,2010-01-01,Textil (naranja)
2010,febrero,,504,4,False,1940570,02,2010-02-01,Pesquera (Azul)
2010,febrero,,623,8,True,2443866,02,2010-02-01,Textil (naranja)
2010,marzo,,476,4,False,1892781,03,2010-03-01,Pesquera (Azul)
2010,marzo,,638,8,True,2469467,03,2010-03-01,Textil (naranja)
2010,abril,,502,4,False,1937156,04,2010-04-01,Pesquera (Azul)
2010,abril,,643,8,True,2478001,04,2010-04-01,Textil (naranja)
2010,mayo,,486,4,False,1909848,05,2010-05-01,Pesquera (Azul)
2010,mayo,,654,8,True,2496775,05,2010-05-01,Textil (naranja)
2010,junio,,546,4,False,2012253,06,2010-06-01,Pesquera (Azul)
2010,junio,,649,8,True,2488242,06,2010-06-01,Textil (naranja)
2010,julio,,521,4,False,1969585,07,2010-07-01,Pesquera (Azul)
2010,julio,,650,8,True,2489948,07,2010-07-01,Textil (naranja)
2010,agosto,,503,4,False,1938863,08,2010-08-01,Pesquera (Azul)
2010,agosto,,645,8,True,2481415,08,2010-08-01,Textil (naranja)
2010,septiembre,,640,8,True,2472881,09,2010-09-01,Textil (naranja)
2010,septiembre,,491,4,False,1918382,09,2010-09-01,Pesquera (Azul)
2010,octubre,,496,4,False,1926916,10,2010-10-01,Pesquera (Azul)
2010,octubre,,662,8,True,2510429,10,2010-10-01,Textil (naranja)
2010,noviembre,,476,4,False,1892781,11,2010-11-01,Pesquera (Azul)
2010,noviembre,,679,8,True,2539444,11,2010-11-01,Textil (naranja)
2010,diciembre,,296,3,False,1548915,12,2010-12-01,Pesquera (Azul)
2010,diciembre,,681,7,True,2506209,12,2010-12-01,Textil (naranja)
2011,enero,,681,8,True,2484854,01,2011-01-01,Textil (naranja)
2011,enero,,492,4,False,1862085,01,2011-01-01,Pesquera (Azul)
2011,febrero,,487,4,False,1853551,02,2011-02-01,Pesquera (Azul)
2011,febrero,,683,8,True,2488267,02,2011-02-01,Textil (naranja)
2011,marzo,,494,4,False,1865498,03,2011-03-01,Pesquera (Azul)
2011,marzo,,676,8,True,2476320,03,2011-03-01,Textil (naranja)
2011,abril,,541,4,False,1945716,04,2011-04-01,Pesquera (Azul)
2011,abril,,656,8,True,2442185,04,2011-04-01,Textil (naranja)
2011,mayo,,673,8,True,2471200,05,2011-05-01,Textil (naranja)
2011,mayo,,492,4,False,1862085,05,2011-05-01,Pesquera (Azul)
2011,junio,,662,8,True,2452425,06,2011-06-01,Textil (naranja)
2011,junio,,553,4,False,1966197,06,2011-06-01,Pesquera (Azul)
2011,julio,,528,4,False,1923528,07,2011-07-01,Pesquera (Azul)
2011,julio,,661,8,True,2450719,07,2011-07-01,Textil (naranja)
2011,agosto,,537,4,False,1938889,08,2011-08-01,Pesquera (Azul)
2011,agosto,,655,8,True,2440478,08,2011-08-01,Textil (naranja)
2011,septiembre,,533,4,False,1932062,09,2011-09-01,Pesquera (Azul)
2011,septiembre,,651,8,True,2433651,09,2011-09-01,Textil (naranja)
2011,octubre,,496,4,False,1868912,10,2011-10-01,Pesquera (Azul)
2011,octubre,,641,8,True,2416583,10,2011-10-01,Textil (naranja)
2011,noviembre,,652,8,True,2435358,11,2011-11-01,Textil (naranja)
2011,noviembre,,485,4,False,1850137,11,2011-11-01,Pesquera (Azul)
2011,diciembre,,480,4,False,1841603,12,2011-12-01,Pesquera (Azul)
2011,diciembre,,654,8,True,2438771,12,2011-12-01,Textil (naranja)
2012,enero,,482,4,False,1787013,01,2012-01-01,Pesquera (Azul)
2012,enero,,664,8,True,2397835,01,2012-01-01,Textil (naranja)
2012,febrero,,503,4,False,1822855,02,2012-02-01,Pesquera (Azul)
2012,febrero,,647,8,True,2368820,02,2012-02-01,Textil (naranja)
2012,marzo,,651,8,True,2375647,03,2012-03-01,Textil (naranja)
2012,marzo,,378,3,False,1572861,03,2012-03-01,Pesquera (Azul)
2012,abril,,435,4,False,1706795,04,2012-04-01,Pesquera (Azul)
2012,abril,,650,8,True,2373940,04,2012-04-01,Textil (naranja)
2012,mayo,,442,3,False,1682094,05,2012-05-01,Pesquera (Azul)
2012,mayo,,648,8,True,2370527,05,2012-05-01,Textil (naranja)
2012,junio,,488,3,False,1760604,06,2012-06-01,Pesquera (Azul)
2012,junio,,653,8,True,2379060,06,2012-06-01,Textil (naranja)
2012,julio,,497,3,False,1775965,07,2012-07-01,Pesquera (Azul)
2012,julio,,644,8,True,2363700,07,2012-07-01,Textil (naranja)
2012,agosto,,458,3,False,1709402,08,2012-08-01,Pesquera (Azul)
2012,agosto,,641,8,True,2358579,08,2012-08-01,Textil (naranja)
2012,septiembre,,449,3,False,1694041,09,2012-09-01,Pesquera (Azul)
2012,septiembre,,651,8,True,2375647,09,2012-09-01,Textil (naranja)
2012,octubre,,401,3,False,1612117,10,2012-10-01,Pesquera (Azul)
2012,octubre,,648,8,True,2370527,10,2012-10-01,Textil (naranja)
2012,noviembre,,406,3,False,1620650,11,2012-11-01,Pesquera (Azul)
2012,noviembre,,656,8,True,2384181,11,2012-11-01,Textil (naranja)
2012,diciembre,,447,3,False,1690627,12,2012-12-01,Pesquera (Azul)
2012,diciembre,,666,8,True,2401248,12,2012-12-01,Textil (naranja)
